{
  "austria": {
    "vienna": {
      "name": "🇦🇹 Vienna, Austria",
      "url": "https://vienna.equalstreetnames.eu/"
    }
  },
  "belarus": {
    "minsk": {
      "name": "🇧🇾 Minsk, Belarus",
      "url": "https://minsk.equalstreetnames.org/"
    }
  },
  "belgium": {
    "antwerpen": {
      "name": "🇧🇪 Antwerpen, Belgium",
      "url": "https://antwerpen.equalstreetnames.be/"
    },
    "brussels": {
      "name": "🇧🇪 Brussels, Belgium",
      "url": "https://equalstreetnames.brussels/"
    },
    "braine-lalleud": {
      "name": "🇧🇪 Braine-l'Alleud, Belgium",
      "url": "https://braine-lalleud.equalstreetnames.be/"
    },
    "brugge": {
      "name": "🇧🇪 Brugge, Belgium",
      "url": "https://brugge.equalstreetnames.be/"
    },
    "gent": {
      "name": "🇧🇪 Gent, Belgium",
      "url": "https://gent.equalstreetnames.be/"
    },
    "leuven": {
      "name": "🇧🇪 Leuven, Belgium",
      "url": "https://leuven.equalstreetnames.be/"
    },
    "liege": {
      "name": "🇧🇪 Liège, Belgium",
      "url": "https://liege.equalstreetnames.be/"
    },
    "mons": {
      "name": "🇧🇪 Mons, Belgium",
      "url": "https://mons.equalstreetnames.be/"
    },
    "namur": {
      "name": "🇧🇪 Namur, Belgium",
      "url": "https://namur.equalstreetnames.be/"
    },
    "nivelles": {
      "name": "🇧🇪 Nivelles, Belgium",
      "url": "https://nivelles.equalstreetnames.be/"
    },
    "rixensart": {
      "name": "🇧🇪 Rixensart, Belgium",
      "url": "https://rixensart.equalstreetnames.be/"
    }
  },
  "estonia": {
    "tallinn": {
      "name": "🇪🇪 Tallinn, Estonia",
      "url": "https://tallinn.equalstreetnames.eu/"
    }
  },
  "france": {
    "saint-brieuc": {
      "name": "🇫🇷 Saint-Brieuc, France",
      "url": "https://saint-brieuc.equalstreetnames.eu/"
    }
  },
  "germany": {
    "berlin": {
      "name": "🇩🇪 Berlin, Germany",
      "url": "https://equalstreetnames-berlin.openstreetmap.de/"
    },
    "brandenburg-an-der-havel": {
      "name": "🇩🇪 Brandenburg an der Havel, Germany",
      "url": "https://brandenburg-an-der-havel.equalstreetnames.eu/"
    },
    "dresden": {
      "name": "🇩🇪 Dresden, Germany",
      "url": "https://dresden.equalstreetnames.eu/"
    },
    "freiburg-im-breisgau": {
      "name": "🇩🇪 Freiburg im Breisgau, Germany",
      "url": "https://freiburg-im-breisgau.equalstreetnames.eu/"
    },
    "freising": {
      "name": "🇩🇪 Freising, Germany",
      "url": "https://freising.equalstreetnames.eu/"
    },
    "halle-saale": {
      "name": "🇩🇪 Halle (Saale), Germany",
      "url": "https://halle-saale.equalstreetnames.eu/"
    },
    "kaiserslautern": {
      "name": "🇩🇪 Kaiserslautern, Germany",
      "url": "https://kaiserslautern.equalstreetnames.eu/"
    },
    "leipzig": {
      "name": "🇩🇪 Leipzig, Germany",
      "url": "https://leipzig.equalstreetnames.eu/"
    },
    "mainz": {
      "name": "🇩🇪 Mainz, Germany",
      "url": "https://mainz.equalstreetnames.eu/"
    },
    "munich": {
      "name": "🇩🇪 Munich, Germany",
      "url": "https://munich.equalstreetnames.eu/"
    },
    "rastede": {
      "name": "🇩🇪 Rastede, Germany",
      "url": "https://rastede.equalstreetnames.eu/"
    },
    "wiesbaden": {
      "name": "🇩🇪 Wiesbaden, Germany",
      "url": "https://wiesbaden.equalstreetnames.eu/"
    }
  },
  "italy": {
    "bolzano": {
      "name": "🇮🇹 Bolzano, Italy",
      "url": "https://bolzano.equalstreetnames.eu/"
    }
  },
  "luxembourg": {
    "luxembourg": {
      "name": "🇱🇺 Luxembourg, Luxembourg",
      "url": "https://luxembourg.equalstreetnames.eu/"
    }
  },
  "netherlands": {
    "assen": {
      "name": "🇳🇱 Assen, The Netherlands",
      "url": "https://assen.equalstreetnames.eu/"
    },
    "groningen": {
      "name": "🇳🇱 Groningen, The Netherlands",
      "url": "https://groningen.equalstreetnames.eu/"
    },
    "leiden": {
      "name": "🇳🇱 Leiden, The Netherlands",
      "url": "https://leiden.equalstreetnames.eu/"
    }
  },
  "philippines": {
    "sanpablo": {
      "name": "🇵🇭 San Pablo, Philippines",
      "url": "https://sanpablo.equalstreetnames.org/"
    }
  },
  "poland": {
    "chorzow": {
      "name": "🇵🇱 Chorzów, Poland",
      "url": "https://chorzow.equalstreetnames.eu/"
    },
    "warsaw": {
      "name": "🇵🇱 Warsaw, Poland",
      "url": "https://warsaw.equalstreetnames.eu/"
    }
  },
  "serbia": {
    "belgrade": {
      "name": "🇷🇸 Belgrade, Serbia",
      "url": "https://naziviulica.openstreetmap.rs/"
    }
  },
  "slovakia": {
    "bratislava": {
      "name": "🇸🇰 Bratislava, Slovakia",
      "url": "https://bratislava.equalstreetnames.eu/"
    }
  },
  "spain": {
    "bilbao": {
      "name": "🇪🇸 Bilbao, Spain",
      "url": "https://bilbao.equalstreetnames.eu/"
    },
    "madrid": {
      "name": "🇪🇸 Madrid, Spain",
      "url": "https://madrid.equalstreetnames.eu/"
    }
  },
  "switzerland": {
    "basel": {
      "name": "🇨🇭 Basel, Switzerland",
      "url": "https://basel.equalstreetnames.eu/"
    },
    "bern": {
      "name": "🇨🇭 Bern, Switzerland",
      "url": "https://bern.equalstreetnames.eu/"
    },
    "lausanne": {
      "name": "🇨🇭 Lausanne, Switzerland",
      "url": "https://lausanne.equalstreetnames.eu/"
    },
    "stgallen": {
      "name": "🇨🇭 St. Gallen, Switzerland",
      "url": "https://stgallen.equalstreetnames.eu/"
    },
    "zurich": {
      "name": "🇨🇭 Zurich, Switzerland",
      "url": "https://zurich.equalstreetnames.eu/"
    }
  },
  "united-kingdom": {
    "chester-le-street": {
      "name": "🇬🇧 Chester-le-Street, United Kingdom",
      "url": "https://chester-le-street.equalstreetnames.org/"
    }
  },
  "usa": {
    "sanfrancisco": {
      "name": "🇺🇸 San Francisco, USA",
      "url": "https://sanfrancisco.equalstreetnames.org/"
    }
  }
}
